{
  "version": "1.0.0",
  "name": "nodemongo",
  "dependencies": {
    "@handlebars/allow-prototype-access": {
      "version": "1.0.5",
      "resolved": "https://registry.npmjs.org/@handlebars/allow-prototype-access/-/allow-prototype-access-1.0.5.tgz"
    },
    "@types/exceljs": {
      "version": "1.3.0",
      "resolved": "https://registry.npmjs.org/@types/exceljs/-/exceljs-1.3.0.tgz"
    },
    "body-parser": {
      "version": "1.20.1",
      "resolved": "https://registry.npmjs.org/body-parser/-/body-parser-1.20.1.tgz"
    },
    "cookie-parser": {
      "version": "1.4.6",
      "resolved": "https://registry.npmjs.org/cookie-parser/-/cookie-parser-1.4.6.tgz"
    },
    "exceljs": {
      "version": "4.3.0",
      "resolved": "https://registry.npmjs.org/exceljs/-/exceljs-4.3.0.tgz"
    },
    "express-handlebars": {
      "version": "6.0.6",
      "resolved": "https://registry.npmjs.org/express-handlebars/-/express-handlebars-6.0.6.tgz"
    },
    "express-session": {
      "version": "1.17.3",
      "resolved": "https://registry.npmjs.org/express-session/-/express-session-1.17.3.tgz"
    },
    "express": {
      "version": "4.18.2",
      "resolved": "https://registry.npmjs.org/express/-/express-4.18.2.tgz"
    },
    "jsonwebtoken": {
      "version": "8.5.1",
      "resolved": "https://registry.npmjs.org/jsonwebtoken/-/jsonwebtoken-8.5.1.tgz"
    },
    "mongoose": {
      "version": "6.6.5",
      "resolved": "https://registry.npmjs.org/mongoose/-/mongoose-6.6.5.tgz"
    },
    "nodemon": {
      "version": "2.0.20",
      "resolved": "https://registry.npmjs.org/nodemon/-/nodemon-2.0.20.tgz"
    },
    "tempfile": {
      "version": "4.0.0",
      "resolved": "https://registry.npmjs.org/tempfile/-/tempfile-4.0.0.tgz"
    },
    "y": {
      "version": "0.3.2",
      "resolved": "https://registry.npmjs.org/y/-/y-0.3.2.tgz"
    }
  }
}
